Date,Mois_jr,Heure,Stations,X,Y,Temperature,Conductivity,Salinity,O2,Saturation,pH,Transparence,Turbidity,Chl_a,N_NO2,N_NH4,P_PO4,PT,NT,Long,Lat,Year-Month,Month_Abbr_Year,Mois,Year_month
2024-04-09,04-09,10:58:00,A1,1.93618,6.3918,30.7,48.1,31.7,6.43,85.9,7.95,70.57,26.94,7.12,1.73,51.76,34.51,153.94,9.51,382769.63003693346,706304.353376911,2024-04,APR 24,2024-04,2024-04
2024-05-08,05-08,10:23:00,A1,1.93618,6.3918,30.6,19.08,11.4,4.9,65.8,7.24,46.0,24.72,2.14,6.25,87.92,45.41,161.6,19.67,382769.63003693346,706304.353376911,2024-05,MAY 24,2024-05,2024-05
2024-06-06,06-06,09:20:00,A1,1.93618,6.3918,30.0,14.5,8.5,6.18,80.8,8.01,20.0,27.34,3.2,1.73,51.18,35.28,63.85,37.63,382769.63003693346,706304.353376911,2024-06,JUN 24,2024-06,2024-06
2024-04-09,04-09,17:41:00,A10,1.9348,6.4222,33.0,24.8,15.2,8.04,112.1,8.4,45.0,30.28,8.54,1.44,90.12,172.74,393.98,25.18,382202.13294807624,709998.331917422,2024-04,APR 24,2024-04,2024-04
2024-05-08,05-08,13:33:00,A10,1.9348,6.4222,32.5,18.36,11.0,7.16,99.8,8.01,29.0,56.4,6.41,5.4,99.98,88.82,123.3,18.32,382202.13294807624,709998.331917422,2024-05,MAY 24,2024-05,2024-05
2024-06-06,06-06,14:00:00,A10,1.9348,6.4222,31.7,13.7,8.0,7.48,101.2,8.205,47.0,39.66,3.2,4.84,82.19,36.82,66.17,28.13,382202.13294807624,709998.331917422,2024-06,JUN 24,2024-06,2024-06
2024-04-09,04-09,11:07:00,A2,1.9513,6.4095,29.4,28.4,17.6,7.98,103.9,8.52,98.0,6.14,4.22,0.88,52.85,10.95,286.73,12.76,384024.1570784403,708590.4275150253,2024-04,APR 24,2024-04,2024-04
2024-05-08,05-08,10:35:00,A2,1.9513,6.4095,30.6,17.91,10.7,6.94,92.7,7.99,75.0,13.96,5.34,7.38,165.74,99.04,193.52,13.8,384024.1570784403,708590.4275150253,2024-05,MAY 24,2024-05,2024-05
2024-06-06,06-06,09:43:00,A2,1.9513,6.4095,29.9,14.09,8.2,7.15,93.8,8.32,90.0,11.16,1.07,1.44,51.46,49.95,72.35,28.13,384024.1570784403,708590.4275150253,2024-06,JUN 24,2024-06,2024-06
2024-04-09,04-09,11:41:00,A3,1.9669,6.4546,30.7,14.15,8.6,7.37,98.4,8.4,136.0,6.09,1.34,1.16,63.81,214.44,386.32,13.24,385759.6207449173,713573.2567803725,2024-04,APR 24,2024-04,2024-04
2024-05-08,05-08,10:59:00,A3,1.9669,6.4546,31.0,14.85,8.7,7.41,95.2,8.14,125.0,8.87,2.14,5.12,80.25,132.23,164.15,24.04,385759.6207449173,713573.2567803725,2024-05,MAY 24,2024-05,2024-05
2024-06-06,06-06,10:05:00,A3,1.9669,6.4546,29.9,13.08,7.6,7.01,92.1,7.96,116.0,7.54,2.14,2.01,64.99,66.17,82.39,34.15,385759.6207449173,713573.2567803725,2024-06,JUN 24,2024-06,2024-06
2024-04-09,04-09,12:05:00,A4,1.9933,6.5007,30.8,11.3,6.5,7.43,99.6,8.46,83.0,12.04,3.2,0.88,58.33,110.47,512.72,19.36,388689.34009811806,718664.2720532401,2024-04,APR 24,2024-04,2024-04
2024-05-08,05-08,11:19:00,A4,1.9933,6.5007,31.0,11.56,6.7,7.36,98.9,8.26,116.0,6.03,1.07,5.69,35.32,146.28,199.9,1.96,388689.34009811806,718664.2720532401,2024-05,MAY 24,2024-05,2024-05
2024-06-06,06-06,10:31:00,A4,1.9933,6.5007,29.9,9.82,5.6,7.18,94.4,7.85,114.0,9.71,2.14,2.01,48.36,74.66,160.39,34.47,388689.34009811806,718664.2720532401,2024-06,JUN 24,2024-06,2024-06
2024-04-09,04-09,12:27:00,A5,1.984,6.5295,31.0,10.05,5.7,7.53,101.3,8.5,107.0,8.46,4.27,0.88,66.0,276.22,496.12,12.57,387667.3426238524,721850.4953472823,2024-04,APR 24,2024-04,2024-04
2024-05-08,05-08,11:32:00,A5,1.984,6.5295,31.0,9.18,5.2,7.47,100.4,8.31,114.0,6.35,3.2,5.4,61.62,161.6,190.97,15.63,387667.3426238524,721850.4953472823,2024-05,MAY 24,2024-05,2024-05
2024-06-06,06-06,10:44:00,A5,1.984,6.5295,29.9,6.34,3.5,7.28,95.5,8.405000000000001,117.0,7.13,3.2,2.29,74.3,84.7,169.65,36.06,387667.3426238524,721850.4953472823,2024-06,JUN 24,2024-06,2024-06
2024-04-09,04-09,15:39:00,A6,1.9822,6.5602,31.1,6.69,3.7,8.06,109.0,8.66,88.0,9.34,3.2,1.16,86.83,341.09,704.24,13.24,387475.1807944048,725245.1373564149,2024-04,APR 24,2024-04,2024-04
2024-05-08,05-08,11:45:00,A6,1.9822,6.5602,31.2,7.2,4.0,7.3,98.4,8.31,90.0,7.95,3.2,7.38,73.68,166.71,182.03,17.83,387475.1807944048,725245.1373564149,2024-05,MAY 24,2024-05,2024-05
2024-06-06,06-06,11:04:00,A6,1.9822,6.5602,30.3,3.6,1.9,6.76,89.6,8.485,78.0,15.14,6.41,3.14,65.56,86.25,97.06,21.78,387475.1807944048,725245.1373564149,2024-06,JUN 24,2024-06,2024-06
2024-04-09,04-09,15:53:00,A7,1.9809,6.5894,31.3,5.5,3.2,7.81,105.7,8.65,46.0,24.6,6.41,1.16,89.02,311.75,623.8,16.43,387338.0175576139,728473.8321984982,2024-04,APR 24,2024-04,2024-04
2024-05-08,05-08,11:58:00,A7,1.9809,6.5894,31.0,4.49,2.4,6.5,87.3,7.98,60.0,15.04,2.14,7.95,147.11,166.71,193.52,14.04,387338.0175576139,728473.8321984982,2024-05,MAY 24,2024-05,2024-05
2024-06-06,06-06,12:30:00,A7,1.9809,6.5894,33.0,10.74,0.5,3.34,71.6,8.315000000000001,72.0,17.0,3.2,6.53,65.84,128.72,313.29,23.26,387338.0175576139,728473.8321984982,2024-06,JUN 24,2024-06,2024-06
2024-04-09,04-09,17:04:00,A8,1.9655,6.4878,31.5,13.42,7.8,7.93,107.7,8.5,77.0,16.8,2.14,0.88,72.58,254.6,524.21,9.54,385612.2622954276,717244.223525498,2024-04,APR 24,2024-04,2024-04
2024-05-08,05-08,13:02:00,A8,1.9655,6.4878,31.5,13.17,7.7,7.36,99.9,8.15,133.0,4.8,0.0,3.71,87.92,142.45,153.94,13.52,385612.2622954276,717244.223525498,2024-05,MAY 24,2024-05,2024-05
2024-06-06,06-06,13:02:00,A8,1.9655,6.4878,30.7,12.1,6.9,7.51,100.3,8.325,96.0,9.55,1.07,1.73,51.74,129.49,151.12,37.91,385612.2622954276,717244.223525498,2024-06,JUN 24,2024-06,2024-06
2024-04-09,04-09,17:20:00,A9,1.9373,6.4568,32.5,18.25,11.4,7.82,108.1,8.36,65.0,36.9,0.0,0.88,69.29,219.85,461.65,13.24,382486.5916312261,713823.2259921059,2024-04,APR 24,2024-04,2024-04
2024-05-08,05-08,13:20:00,A9,1.9373,6.4568,31.5,17.12,9.5,7.66,104.2,8.13,82.0,10.4,8.54,6.25,51.76,119.47,151.39,17.31,382486.5916312261,713823.2259921059,2024-05,MAY 24,2024-05,2024-05
2024-06-06,06-06,13:49:00,A9,1.9373,6.4568,30.4,13.26,7.7,7.82,104.1,8.245000000000001,64.0,18.14,4.27,2.29,63.3,61.54,137.22,32.72,382486.5916312261,713823.2259921059,2024-06,JUN 24,2024-06,2024-06
2023-11-02,11-02,09:06:00,A1,1.93618,6.3918,29.1,0.11,0.5,6.48,84.1,7.8,45.333333333333336,72.34,1.19,6.82,86.83,183.31,249.7,24.01,382769.63003693346,706304.353376911,2023-11,NOV 23,2023-11,2023-11
2023-12-06,12-06,08:54:00,A1,1.93618,6.3918,29.1,0.9,0.4,5.99,77.7,7.98,23.0,126.0,1.78,10.49,132.86,111.81,317.37,17.04,382769.63003693346,706304.353376911,2023-12,DEC 23,2023-12,2023-12
2024-01-18,01-18,09:18:00,A1,1.93618,6.3918,29.1,14.18,3.2,6.87,89.1,7.91,19.0,90.72,2.67,1.73,40.8,115.64,156.49,29.21,382769.63003693346,706304.353376911,2024-01,JAN 24,2024-01,2024-01
2024-02-08,02-08,08:57:00,A1,1.93618,6.3918,26.8,26.1,16.0,6.2,77.4,7.75,75.0,12.84,3.2,2.58,0.24,128.4,179.48,18.97,382769.63003693346,706304.353376911,2024-02,FEB 24,2024-02,2024-02
2024-03-07,03-07,10:33:00,A1,1.93618,6.3918,30.1,34.3,31.7,7.48,98.3,8.16,52.0,21.48,3.2,1.73,245.75,77.33,174.37,19.36,382769.63003693346,706304.353376911,2024-03,MAR 24,2024-03,2024-03
2024-07-09,07-09,10:20:00,A1,1.93618,6.3918,27.4,6.86,3.8,7.23,91.1,8.0,52.0,24.42,6.41,2.29,80.25,100.31,148.83,8.75,382769.63003693346,706304.353376911,2024-07,JUL 24,2024-07,2024-07
2024-09-12,09-12,09:37:00,A1,1.93618,6.3918,27.6,6.22,3.4,7.1,89.7,8.25,51.0,24.84,5.34,2.84,70.92,198.23,345.46,8.66,382769.63003693346,706304.353376911,2024-09,SEP 24,2024-09,2024-09
2023-11-02,11-02,13:57:00,A10,1.9348,6.4222,30.6,0.15,0.7,5.58,72.5,8.19,33.833333333333336,48.7,5.34,7.1,62.72,176.92,222.89,27.1,382202.13294807624,709998.331917422,2023-11,NOV 23,2023-11,2023-11
2023-12-06,12-06,13:22:00,A10,1.9348,6.4222,32.2,0.17,0.9,7.25,100.3,8.15,25.0,56.2,2.67,4.84,84.64,146.28,277.79,28.02,382202.13294807624,709998.331917422,2023-12,DEC 23,2023-12,2023-12
2024-01-18,01-18,13:54:00,A10,1.9348,6.4222,32.4,5.9,3.9,7.33,100.1,8.23,40.0,29.6,5.34,1.73,82.44,184.58,248.42,29.79,382202.13294807624,709998.331917422,2024-01,JAN 24,2024-01,2024-01
2024-02-08,02-08,13:36:00,A10,1.9348,6.4222,28.7,4.63,1.8,7.67,98.8,8.28,32.0,42.19,4.01,3.71,9.01,194.8,242.04,29.61,382202.13294807624,709998.331917422,2024-02,FEB 24,2024-02,2024-02
2024-03-07,03-07,15:00:00,A10,1.9348,6.4222,32.0,24.0,14.7,7.84,107.8,8.33,27.0,74.42,7.48,0.88,78.06,125.85,153.94,24.99,382202.13294807624,709998.331917422,2024-03,MAR 24,2024-03,2024-03
2024-07-09,07-09,13:46:00,A10,1.9348,6.4222,28.3,7.03,3.9,7.28,94.0,7.8,46.0,54.12,4.27,3.14,45.18,83.72,255.87166666666667,25.198333333333334,382202.13294807624,709998.331917422,2024-07,JUL 24,2024-07,2024-07
2024-09-12,09-12,13:47:00,A10,1.9348,6.4222,28.5,4.2,2.2,8.09,103.9,8.37,33.0,42.78,5.34,6.71,59.36,192.82,390.15,11.68,382202.13294807624,709998.331917422,2024-09,SEP 24,2024-09,2024-09
2023-11-02,11-02,09:41:00,A2,1.9513,6.4095,29.2,0.76,0.3,6.63,87.2,8.31,56.5,87.4,4.22,7.1,58.33,178.2,261.19,23.13,384024.1570784403,708590.4275150253,2023-11,NOV 23,2023-11,2023-11
2023-12-06,12-06,09:11:00,A2,1.9513,6.4095,29.6,0.65,0.2,6.94,90.8,8.23,26.0,126.2,7.12,9.36,112.04,157.77,290.56,18.02,384024.1570784403,708590.4275150253,2023-12,DEC 23,2023-12,2023-12
2024-01-18,01-18,09:44:00,A2,1.9513,6.4095,29.0,6.76,3.7,7.31,94.5,8.29,106.0,7.45,1.9,2.58,19.97,13.49,258.64,32.3,384024.1570784403,708590.4275150253,2024-01,JAN 24,2024-01,2024-01
2024-02-08,02-08,09:44:00,A2,1.9513,6.4095,25.8,3.33,1.7,7.66,92.9,8.35,45.0,25.47,4.01,2.01,1.34,203.73,266.3,27.62,384024.1570784403,708590.4275150253,2024-02,FEB 24,2024-02,2024-02
2024-03-07,03-07,11:12:00,A2,1.9513,6.4095,30.3,22.3,13.6,6.81,90.3,8.25,40.0,48.16,6.41,0.88,127.38,129.68,199.9,27.87,384024.1570784403,708590.4275150253,2024-03,MAR 24,2024-03,2024-03
2024-07-09,07-09,10:52:00,A2,1.9513,6.4095,27.4,6.66,3.7,7.74,97.5,8.12,67.0,17.62,6.41,1.44,75.87,127.13,153.94,7.19,384024.1570784403,708590.4275150253,2024-07,JUL 24,2024-07,2024-07
2024-09-12,09-12,10:22:00,A2,1.9513,6.4095,27.7,3.91,2.1,7.77,98.2,8.24,55.0,28.41,3.2,8.25,42.44,197.45,396.53,6.91,384024.1570784403,708590.4275150253,2024-09,SEP 24,2024-09,2024-09
2023-11-02,11-02,10:17:00,A3,1.9669,6.4546,29.5,0.29,0.0,6.88,89.8,8.2,60.0,49.64,1.34,6.82,42.99,146.28,176.92,15.75,385759.6207449173,713573.2567803725,2023-11,NOV 23,2023-11,2023-11
2023-12-06,12-06,09:40:00,A3,1.9669,6.4546,30.1,0.52,0.2,6.81,90.1,8.17,28.0,95.6,5.34,10.49,85.73,137.34,291.83,15.97,385759.6207449173,713573.2567803725,2023-12,DEC 23,2023-12,2023-12
2024-01-18,01-18,10:17:00,A3,1.9669,6.4546,29.3,2.02,1.0,7.2,93.6,8.41,62.0,15.37,2.67,1.73,34.22,182.03,242.04,31.87,385759.6207449173,713573.2567803725,2024-01,JAN 24,2024-01,2024-01
2024-02-08,02-08,10:08:00,A3,1.9669,6.4546,26.4,3.34,1.9,7.97,98.2,8.39,67.0,14.69,4.27,3.42,4.63,215.23,245.87,21.66,385759.6207449173,713573.2567803725,2024-02,FEB 24,2024-02,2024-02
2024-03-07,03-07,11:35:00,A3,1.9669,6.4546,30.2,9.49,5.4,7.5,99.1,8.48,72.0,20.24,4.27,0.6,105.46,159.05,208.84,24.56,385759.6207449173,713573.2567803725,2024-03,MAR 24,2024-03,2024-03
2024-07-09,07-09,11:11:00,A3,1.9669,6.4546,27.5,6.33,3.5,7.77,97.2,8.08,66.0,18.96,3.2,2.01,74.77,136.06,148.83,10.46,385759.6207449173,713573.2567803725,2024-07,JUL 24,2024-07,2024-07
2024-09-12,09-12,10:57:00,A3,1.9669,6.4546,27.9,4.62,2.5,7.65,96.9,8.21,65.0,21.9,6.41,19.83,46.67,206.72,371.0,8.38,385759.6207449173,713573.2567803725,2024-09,SEP 24,2024-09,2024-09
2023-11-02,11-02,10:45:00,A4,1.9933,6.5007,30.0,0.25,0.0,6.92,91.4,8.33,54.833333333333336,30.12,2.28,4.84,37.51,138.62,184.58,14.19,388689.34009811806,718664.2720532401,2023-11,NOV 23,2023-11,2023-11
2023-12-06,12-06,10:10:00,A4,1.9933,6.5007,30.7,0.46,0.1,6.98,93.0,8.2,31.0,78.46,1.78,8.23,82.44,141.17,281.62,13.98,388689.34009811806,718664.2720532401,2023-12,DEC 23,2023-12,2023-12
2024-01-18,01-18,10:45:00,A4,1.9933,6.5007,29.6,0.18,0.9,7.19,93.8,8.38,64.0,14.44,4.45,2.29,39.7,183.31,258.64,31.08,388689.34009811806,718664.2720532401,2024-01,JAN 24,2024-01,2024-01
2024-02-08,02-08,10:33:00,A4,1.9933,6.5007,26.5,3.69,1.9,7.8,96.5,8.45,85.0,10.8,4.27,2.01,4.63,201.18,225.44,28.21,388689.34009811806,718664.2720532401,2024-02,FEB 24,2024-02,2024-02
2024-03-07,03-07,12:08:00,A4,1.9933,6.5007,30.5,5.37,2.9,7.35,97.7,8.5,50.0,34.56,5.34,0.6,85.73,229.27,294.39,23.98,388689.34009811806,718664.2720532401,2024-03,MAR 24,2024-03,2024-03
2024-07-09,07-09,11:30:00,A4,1.9933,6.5007,27.4,3.98,2.1,7.54,95.1,7.92,36.0,39.58,3.2,2.58,79.16,157.77,222.89,6.79,388689.34009811806,718664.2720532401,2024-07,JUL 24,2024-07,2024-07
2024-09-12,09-12,11:12:00,A4,1.9933,6.5007,28.0,4.46,2.4,7.95,109.9,8.25,63.0,18.39,2.14,22.92,61.05,194.36,401.64,7.77,388689.34009811806,718664.2720532401,2024-09,SEP 24,2024-09,2024-09
2023-11-02,11-02,11:07:00,A5,1.984,6.5295,29.9,0.3,0.1,6.83,89.1,8.23,48.833333333333336,25.82,4.27,5.12,18.88,136.06,175.65,18.35,387667.3426238524,721850.4953472823,2023-11,NOV 23,2023-11,2023-11
2023-12-06,12-06,10:40:00,A5,1.984,6.5295,30.7,0.4,0.1,7.18,95.5,8.22,31.0,62.56,5.34,6.82,73.68,129.68,266.3,16.03,387667.3426238524,721850.4953472823,2023-12,DEC 23,2023-12,2023-12
2024-01-18,01-18,11:04:00,A5,1.984,6.5295,29.8,0.11,0.5,6.98,91.0,8.3,42.0,27.52,2.67,4.27,75.87,211.4,268.85,33.28,387667.3426238524,721850.4953472823,2024-01,JAN 24,2024-01,2024-01
2024-02-08,02-08,10:50:00,A5,1.984,6.5295,26.2,2.22,1.1,7.82,96.2,8.42,75.0,12.6,4.27,2.01,6.82,216.5,253.53,25.73,387667.3426238524,721850.4953472823,2024-02,FEB 24,2024-02,2024-02
2024-03-07,03-07,12:22:00,A5,1.984,6.5295,30.5,4.91,2.7,7.38,98.3,8.49,56.0,28.02,7.48,0.88,76.96,207.57,220.33,28.05,387667.3426238524,721850.4953472823,2024-03,MAR 24,2024-03,2024-03
2024-07-09,07-09,11:48:00,A5,1.984,6.5295,27.8,0.14,0.7,7.09,89.9,7.76,40.0,50.9,1.07,6.82,75.87,194.8,247.15,19.33,387667.3426238524,721850.4953472823,2024-07,JUL 24,2024-07,2024-07
2024-09-12,09-12,11:39:00,A5,1.984,6.5295,27.8,2.79,1.4,7.24,91.5,8.03,49.0,28.56,1.07,15.2,57.95,223.71,460.37,8.66,387667.3426238524,721850.4953472823,2024-09,SEP 24,2024-09,2024-09
2023-11-02,11-02,11:23:00,A6,1.9822,6.5602,30.0,0.21,0.0,6.28,83.1,7.97,41.5,16.26,4.27,3.14,26.55,105.42,125.85,20.89,387475.1807944048,725245.1373564149,2023-11,NOV 23,2023-11,2023-11
2023-12-06,12-06,11:03:00,A6,1.9822,6.5602,30.7,0.36,0.1,7.27,96.9,8.28,31.0,55.0,10.68,6.82,101.08,122.02,256.08,20.59,387475.1807944048,725245.1373564149,2023-12,DEC 23,2023-12,2023-12
2024-01-18,01-18,11:35:00,A6,1.9822,6.5602,29.9,0.75,0.3,7.0,92.7,8.16,38.0,31.8,2.97,5.69,63.81,213.95,359.5,28.91,387475.1807944048,725245.1373564149,2024-01,JAN 24,2024-01,2024-01
2024-02-08,02-08,11:06:00,A6,1.9822,6.5602,25.0,1.39,0.7,7.94,98.2,8.29,50.0,22.15,6.41,2.29,2.44,225.44,270.13,27.5,387475.1807944048,725245.1373564149,2024-02,FEB 24,2024-02,2024-02
2024-03-07,03-07,12:36:00,A6,1.9822,6.5602,30.4,2.68,1.4,7.39,98.1,8.5,46.0,28.34,6.41,1.73,93.4,244.59,333.97,25.51,387475.1807944048,725245.1373564149,2024-03,MAR 24,2024-03,2024-03
2024-07-09,07-09,12:03:00,A6,1.9822,6.5602,27.9,0.86,0.4,6.8,86.5,7.66,36.0,59.22,1.07,11.91,93.4,143.73,268.85,3.82,387475.1807944048,725245.1373564149,2024-07,JUL 24,2024-07,2024-07
2024-09-12,09-12,11:55:00,A6,1.9822,6.5602,27.9,1.94,1.0,7.19,91.1,7.95,48.0,38.61,4.27,29.1,59.64,222.17,395.25,11.23,387475.1807944048,725245.1373564149,2024-09,SEP 24,2024-09,2024-09
2023-11-02,11-02,11:47:00,A7,1.9809,6.5894,30.1,0.17,0.0,4.41,57.3,7.61,46.5,5.52,3.2,2.01,21.07,92.65,137.34,17.93,387338.0175576139,728473.8321984982,2023-11,NOV 23,2023-11,2023-11
2023-12-06,12-06,11:17:00,A7,1.9809,6.5894,31.2,0.39,0.1,6.77,91.7,8.17,30.0,46.78,16.02,7.95,75.87,114.36,224.16,14.41,387338.0175576139,728473.8321984982,2023-12,DEC 23,2023-12,2023-12
2024-01-18,01-18,11:51:00,A7,1.9809,6.5894,29.5,0.6,0.2,7.0,92.6,8.31,38.0,31.62,8.01,7.38,39.7,201.18,252.25,1.77,387338.0175576139,728473.8321984982,2024-01,JAN 24,2024-01,2024-01
2024-02-08,02-08,11:27:00,A7,1.9809,6.5894,25.8,0.73,0.3,7.85,96.5,8.22,42.0,28.78,6.41,2.58,7.92,215.23,262.47,22.48,387338.0175576139,728473.8321984982,2024-02,FEB 24,2024-02,2024-02
2024-03-07,03-07,12:50:00,A7,1.9809,6.5894,30.4,2.89,1.5,7.3,96.7,8.43,40.0,46.86,7.48,0.88,98.88,199.9,250.98,28.27,387338.0175576139,728473.8321984982,2024-03,MAR 24,2024-03,2024-03
2024-07-09,07-09,12:18:00,A7,1.9809,6.5894,28.0,0.22,0.0,2.08,26.5,6.88,63.0,17.46,2.28,5.97,46.28,84.99,197.35,3.94,387338.0175576139,728473.8321984982,2024-07,JUL 24,2024-07,2024-07
2024-09-12,09-12,12:09:00,A7,1.9809,6.5894,27.7,2.81,1.5,7.42,93.4,8.09,66.0,18.6,3.2,18.29,38.49,212.9,448.88,12.02,387338.0175576139,728473.8321984982,2024-09,SEP 24,2024-09,2024-09
2023-11-02,11-02,13:13:00,A8,1.9655,6.4878,31.0,0.49,0.2,7.7,103.2,8.48,48.5,57.42,5.34,6.82,46.28,151.39,213.95,26.71,385612.2622954276,717244.223525498,2023-11,NOV 23,2023-11,2023-11
2023-12-06,12-06,12:44:00,A8,1.9655,6.4878,31.9,0.55,0.2,6.49,101.3,8.21,23.0,119.4,8.01,8.51,78.06,153.94,299.49,15.08,385612.2622954276,717244.223525498,2023-12,DEC 23,2023-12,2023-12
2024-01-18,01-18,13:06:00,A8,1.9655,6.4878,30.7,0.18,0.9,7.54,100.4,8.46,62.0,15.74,3.56,2.29,33.12,184.58,239.49,29.12,385612.2622954276,717244.223525498,2024-01,JAN 24,2024-01,2024-01
2024-02-08,02-08,12:49:00,A8,1.9655,6.4878,27.2,4.0,2.1,8.17,103.0,8.37,81.0,11.54,4.27,2.86,4.63,201.18,238.21,34.02,385612.2622954276,717244.223525498,2024-02,FEB 24,2024-02,2024-02
2024-03-07,03-07,14:15:00,A8,1.9655,6.4878,31.1,7.54,4.2,7.7,103.6,8.56,31.0,42.1,6.41,0.6,86.83,230.55,295.66,25.21,385612.2622954276,717244.223525498,2024-03,MAR 24,2024-03,2024-03
2024-07-09,07-09,13:15:00,A8,1.9655,6.4878,28.1,1.94,1.0,7.07,89.8,7.75,45.0,53.2,1.07,5.97,70.39,176.92,231.82,13.52,385612.2622954276,717244.223525498,2024-07,JUL 24,2024-07,2024-07
2024-09-12,09-12,13:14:00,A8,1.9655,6.4878,27.9,2.81,1.5,7.92,100.4,8.22,49.0,43.77,5.34,11.34,39.05,216.76,409.3,13.4,385612.2622954276,717244.223525498,2024-09,SEP 24,2024-09,2024-09
2023-11-02,11-02,13:34:00,A9,1.9373,6.4568,30.3,0.93,0.4,7.31,97.2,8.54,45.0,64.72,6.41,6.53,34.22,175.65,235.65,29.7,382486.5916312261,713823.2259921059,2023-11,NOV 23,2023-11,2023-11
2023-12-06,12-06,13:05:00,A9,1.9373,6.4568,30.8,0.57,0.2,7.19,95.9,8.11,22.0,129.0,8.01,9.36,81.35,141.17,363.33,12.42,382486.5916312261,713823.2259921059,2023-12,DEC 23,2023-12,2023-12
2024-01-18,01-18,13:34:00,A9,1.9373,6.4568,30.6,2.64,1.4,7.6,101.4,8.44,68.0,13.26,3.56,2.01,56.14,188.41,238.21,35.67,382486.5916312261,713823.2259921059,2024-01,JAN 24,2024-01,2024-01
2024-02-08,02-08,13:18:00,A9,1.9373,6.4568,27.6,3.99,2.1,8.26,104.3,8.49,65.0,15.9,4.27,2.01,2.44,207.57,236.93,21.84,382486.5916312261,713823.2259921059,2024-02,FEB 24,2024-02,2024-02
2024-03-07,03-07,14:43:00,A9,1.9373,6.4568,31.3,10.5,6.0,7.66,103.7,8.45,27.0,69.82,5.34,0.88,95.6,183.31,248.42,24.81,382486.5916312261,713823.2259921059,2024-03,MAR 24,2024-03,2024-03
2024-07-09,07-09,13:30:00,A9,1.9373,6.4568,27.9,4.05,2.2,8.08,102.3,8.15,50.0,33.14,7.48,2.58,36.41,146.28,174.37,1.5,382486.5916312261,713823.2259921059,2024-07,JUL 24,2024-07,2024-07
2024-09-12,09-12,13:33:00,A9,1.9373,6.4568,28.1,2.92,1.5,7.84,100.2,8.3,38.0,71.13,0.0,4.39,52.87,196.68,396.53,11.1,382486.5916312261,713823.2259921059,2024-09,SEP 24,2024-09,2024-09
2023-10-05,10-05,09:05:00,A1,1.93618,6.3918,29.1,2.7,1.4,6.05,78.4,8.08,37.0,67.86,1.07,8.23,150.4,167.98,250.98,22.36,382769.63003693346,706304.353376911,2023-10,OCT 23,2023-10,2023-10
2024-10-10,10-10,09:07:00,A1,1.93618,6.3918,28.4,3.86,2.1,6.63,85.7,8.18,37.0,26.7,1.07,21.38,64.43,190.5,358.23,9.27,382769.63003693346,706304.353376911,2024-10,OCT 24,2024-10,2024-10
2023-10-05,10-05,13:41:00,A10,1.9348,6.4222,29.5,2.09,1.1,7.0,91.5,8.3,68.0,42.2,10.68,12.47,124.09,176.92,229.27,24.04,382202.13294807624,709998.331917422,2023-10,OCT 23,2023-10,2023-10
2024-10-10,10-10,12:58:00,A10,1.9348,6.4222,31.1,4.2,2.3,7.89,105.1,8.4,68.0,21.74,10.68,34.51,62.46,185.87,436.11,11.99,382202.13294807624,709998.331917422,2024-10,OCT 24,2024-10,2024-10
2023-10-05,10-05,09:31:00,A2,1.9513,6.4095,29.2,2.27,1.1,6.62,86.0,8.37,78.0,49.66,5.34,12.47,131.76,169.26,233.1,24.59,384024.1570784403,708590.4275150253,2023-10,OCT 23,2023-10,2023-10
2024-10-10,10-10,09:41:00,A2,1.9513,6.4095,28.9,3.8,2.0,7.7,99.9,8.36,78.0,8.91,5.34,26.78,40.18,175.06,402.92,10.19,384024.1570784403,708590.4275150253,2024-10,OCT 24,2024-10,2024-10
2023-10-05,10-05,10:00:00,A3,1.9669,6.4546,29.4,2.76,1.4,7.01,91.4,8.43,76.0,33.14,3.2,10.21,104.36,190.97,230.55,24.96,385759.6207449173,713573.2567803725,2023-10,OCT 23,2023-10,2023-10
2024-10-10,10-10,09:57:00,A3,1.9669,6.4546,29.6,3.79,2.0,7.53,98.3,8.23,76.0,9.18,3.2,10.57,45.54,199.0,395.25,10.49,385759.6207449173,713573.2567803725,2024-10,OCT 24,2024-10,2024-10
2023-10-05,10-05,10:31:00,A4,1.9933,6.5007,29.7,2.06,1.0,7.6,92.5,8.41,61.0,32.76,4.27,7.38,86.83,166.71,222.89,26.4,388689.34009811806,718664.2720532401,2023-10,OCT 23,2023-10,2023-10
2024-10-10,10-10,10:29:00,A4,1.9933,6.5007,30.1,2.82,1.5,8.03,106.3,8.4,61.0,15.36,4.27,13.66,26.93,175.83,372.27,9.3,388689.34009811806,718664.2720532401,2024-10,OCT 24,2024-10,2024-10
2023-10-05,10-05,10:58:00,A5,1.984,6.5295,29.9,0.74,0.3,6.91,90.8,8.44,63.0,31.56,3.2,10.49,71.48,153.94,192.24,20.31,387667.3426238524,721850.4953472823,2023-10,OCT 23,2023-10,2023-10
2024-10-10,10-10,10:49:00,A5,1.984,6.5295,29.8,1.74,0.9,8.09,106.4,8.26,63.0,19.82,3.2,39.91,29.18,167.34,358.23,6.02,387667.3426238524,721850.4953472823,2024-10,OCT 24,2024-10,2024-10
2023-10-05,10-05,11:09:00,A6,1.9822,6.5602,30.2,0.7,0.3,6.95,91.9,8.34,70.0,32.58,9.61,12.47,80.25,152.66,192.24,19.67,387475.1807944048,725245.1373564149,2023-10,OCT 23,2023-10,2023-10
2024-10-10,10-10,11:03:00,A6,1.9822,6.5602,30.1,2.1,1.1,7.87,104.1,8.25,70.0,15.88,9.61,30.65,35.95,199.77,410.58,6.58,387475.1807944048,725245.1373564149,2024-10,OCT 24,2024-10,2024-10
2023-10-05,10-05,11:27:00,A7,1.9809,6.5894,30.5,0.72,0.3,7.02,93.2,8.18,45.0,26.96,3.2,9.93,59.43,133.51,182.03,24.78,387338.0175576139,728473.8321984982,2023-10,OCT 23,2023-10,2023-10
2024-10-10,10-10,11:16:00,A7,1.9809,6.5894,30.1,0.7,0.3,6.82,90.0,7.8,45.0,40.14,3.2,63.85,39.9,158.07,409.3,6.24,387338.0175576139,728473.8321984982,2024-10,OCT 24,2024-10,2024-10
2023-10-05,10-05,12:59:00,A8,1.9655,6.4878,30.1,0.58,0.2,7.76,102.4,8.63,80.0,51.06,5.34,11.62,83.54,157.77,220.33,21.2,385612.2622954276,717244.223525498,2023-10,OCT 23,2023-10,2023-10
2024-10-10,10-10,12:18:00,A8,1.9655,6.4878,29.4,2.83,1.4,7.84,102.4,8.26,80.0,15.02,5.34,32.96,37.36,198.23,392.7,10.19,385612.2622954276,717244.223525498,2024-10,OCT 24,2024-10,2024-10
2023-10-05,10-05,13:21:00,A9,1.9373,6.4568,29.8,1.44,0.7,7.7,101.2,8.55,64.0,46.48,7.48,10.78,79.16,155.22,221.61,26.25,382486.5916312261,713823.2259921059,2023-10,OCT 23,2023-10,2023-10
2024-10-10,10-10,12:39:00,A9,1.9373,6.4568,29.7,3.2,1.7,8.0,105.1,8.46,64.0,18.96,7.48,28.33,39.34,181.24,395.25,11.1,382486.5916312261,713823.2259921059,2024-10,OCT 24,2024-10,2024-10
2024-08-06,08-06,10:18:00,A1,1.93618,6.3918,27.1,2.87,1.5,6.9,85.4,7.93,30.0,89.38,17.09,9.79,52.02,158.07,285.49,0.24,382769.63003693346,706304.353376911,2024-08,AUG 24,2024-08,2024-08
2024-08-06,08-06,15:21:00,A10,1.9348,6.4222,27.8,2.53,1.3,8.31,105.8,8.6,31.0,145.2,14.38,15.2,33.98,175.83,338.78,0.18,382202.13294807624,709998.331917422,2024-08,AUG 24,2024-08,2024-08
2024-08-06,08-06,11:06:00,A2,1.9513,6.4095,26.8,2.33,1.2,8.02,99.08,8.56,33.0,144.64,20.9,5.16,20.44,181.24,372.76,0.24,384024.1570784403,708590.4275150253,2024-08,AUG 24,2024-08,2024-08
2024-08-06,08-06,11:30:00,A3,1.9669,6.4546,27.0,3.14,1.6,7.8,97.3,8.3,40.0,89.5,10.68,7.48,33.13,197.45,352.68,6.15,385759.6207449173,713573.2567803725,2024-08,AUG 24,2024-08,2024-08
2024-08-06,08-06,11:55:00,A4,1.9933,6.5007,27.1,3.13,1.6,7.99,99.6,8.22,31.0,70.82,14.24,19.06,17.06,205.18,311.75,8.53,388689.34009811806,718664.2720532401,2024-08,AUG 24,2024-08,2024-08
2024-08-06,08-06,12:24:00,A5,1.984,6.5295,26.9,2.78,1.4,7.7,95.7,8.13,51.0,46.56,6.68,4.39,27.21,178.92,263.1,7.33,387667.3426238524,721850.4953472823,2024-08,AUG 24,2024-08,2024-08
2024-08-06,08-06,12:46:00,A6,1.9822,6.5602,26.7,2.6,1.3,7.97,99.1,8.15,63.0,32.73,11.75,9.02,30.88,189.73,233.75,0.37,387475.1807944048,725245.1373564149,2024-08,AUG 24,2024-08,2024-08
2024-08-06,08-06,13:00:00,A7,1.9809,6.5894,27.0,2.61,1.3,8.24,102.9,8.25,59.0,26.52,4.27,9.79,31.16,195.14,233.75,0.25,387338.0175576139,728473.8321984982,2024-08,AUG 24,2024-08,2024-08
2024-08-06,08-06,14:38:00,A8,1.9655,6.4878,27.1,2.53,1.3,8.07,101.0,8.27,40.0,67.46,12.14,6.71,36.23,195.91,287.04,0.37,385612.2622954276,717244.223525498,2024-08,AUG 24,2024-08,2024-08
2024-08-06,08-06,15:00:00,A9,1.9373,6.4568,27.3,2.38,1.2,8.31,104.6,8.51,27.0,128.92,5.34,22.92,37.08,217.53,341.87,0.41,382486.5916312261,713823.2259921059,2024-08,AUG 24,2024-08,2024-08
